{"timestamps": [1528591970.657043, 1528591984.95184, 1528591988.540085], "initial_reset_timestamp": 1528591957.15224, "episode_types": ["t", "t", "t", "t"], "episode_lengths": [200, 200, 200], "episode_rewards": [-1014.6614330121405, -1816.7695962814437, -886.9591273714764]}